id_marcador_mapa,nome,camada,data,data_original,hora_marcador,status_data,uf,endereco_ou_localizacao,latitude,longitude,link,site_leiloeiro,fonte_data_hora,link_edital,resumo_edital,descricao
marcador-797,[EMPRESA] - AMARAL - Máquinas - São Paulo / SP,31-07-26,2026-08-28,28/08/2026,9:00,futuro_ou_hoje,SP,01000-000 - São Paulo - SP - Brasil,,,https://www.amaralleiloes.com.br/leilao/1544/lotes,,mapa,,,https://www.amaralleiloes.com.br/leilao/1544/lotes
marcador-798,[EMPRESA] - Caminhões - São Paulo / SP,31-07-26,2026-08-29,29/08/2026,9:00,futuro_ou_hoje,SP,"Rua Tabatinguera, 140 - Sé - 01020-901 - São Paulo - SP - Brasil",,,https://www.allianceleiloes.com.br/lotes/514-01-cavalo-mecanico-mercedes-benz-axor-2041-ls,,mapa,,,https://www.allianceleiloes.com.br/lotes/514-01-cavalo-mecanico-mercedes-benz-axor-2041-ls
marcador-799,[ÓRGÃO PÚBLICO] - CORREIOS - PORTO ALEGRE/RS - Vans - Cajamar / SP,31-07-26,2026-08-31,31/08/2026,4:00,futuro_ou_hoje,RS,"Avenida Doutor Antonio João Abdalla, 2727 - Empresarial Colina - 07750-983 - Cajamar - SP - Brasil",,,https://drive.google.com/file/d/1of8YRZJf08jaf1XFtPhq0cUlJBLHEa4k/view?usp=drive_link,,mapa,,,https://drive.google.com/file/d/1of8YRZJf08jaf1XFtPhq0cUlJBLHEa4k/view?usp=drive_link
marcador-800,[PREFEITURA] - Imóveis - Rio de Janeiro / RJ,31-07-26,2026-08-31,31/08/2026,4:00,futuro_ou_hoje,RJ,"Estrada Coronel Pedro Corrêa, S/N - Barra Olímpica - 22775-090 - Rio de Janeiro - RJ - Brasil",,,https://drive.google.com/file/d/1TLkuxtpxFtX4SD-bdUZpGQ46i8jnltrT/view?usp=drive_link,,mapa,,,https://drive.google.com/file/d/1TLkuxtpxFtX4SD-bdUZpGQ46i8jnltrT/view?usp=drive_link
marcador-801,[ÓRGÃO PÚBLICO] - CORREIOS - PORTO ALEGRE/RS - Vans - Cajamar / SP,31-07-26,2026-08-31,31/08/2026,5:00,futuro_ou_hoje,RS,"Avenida Doutor Antonio João Abdalla, 2727 - Empresarial Colina - 07750-983 - Cajamar - SP - Brasil",,,https://drive.google.com/file/d/1of8YRZJf08jaf1XFtPhq0cUlJBLHEa4k/view?usp=drive_link,,mapa,,,https://drive.google.com/file/d/1of8YRZJf08jaf1XFtPhq0cUlJBLHEa4k/view?usp=drive_link
marcador-802,[PREFEITURA] - CORREIOS - PORTO ALEGRE/RS - Vans - Cajamar / SP,31-07-26,2026-08-31,31/08/2026,5:00,futuro_ou_hoje,RS,"Avenida Doutor Antonio João Abdalla, 2727 - Empresarial Colina - 07750-983 - Cajamar - SP - Brasil",,,https://drive.google.com/file/d/1of8YRZJf08jaf1XFtPhq0cUlJBLHEa4k/view?usp=drive_link,,mapa,,,https://drive.google.com/file/d/1of8YRZJf08jaf1XFtPhq0cUlJBLHEa4k/view?usp=drive_link
marcador-803,[EMPRESA] - UNIMED - Veículos - Maceió / AL,31-07-26,2026-08-31,31/08/2026,9:00,futuro_ou_hoje,AL,"Avenida Fernandes Lima, 1560 - Pitanguinha - 57052050 - Maceió - AL - Brasil",,,https://www.leiloesfreire.com.br/leilao/1139,,mapa,,,https://www.leiloesfreire.com.br/leilao/1139
marcador-804,[ÓRGÃO PÚBLICO] - DETRAN - 2 - Sucatas - São Luís / MA,31-07-26,2026-08-31,31/08/2026,5:00,futuro_ou_hoje,MA,"Avenida Engenheiro Emiliano Macieira, 301 - Maracanã - 65095-602 - São Luís - MA - Brasil",,,https://www.vipleiloes.com.br/evento/detalhes/100826tdmas,,mapa,,,https://www.vipleiloes.com.br/evento/detalhes/100826tdmas
marcador-805,[PREFEITURA] - Imóveis - Rio Verde / GO,31-07-26,2026-09-01,01/09/2026,4:00,futuro_ou_hoje,GO,"Avenida Flamboyant, 12 - Residencial Gameleira - 75906-880 - Rio Verde - GO - Brasil",,,https://drive.google.com/file/d/1ewhPwJFLoBbCBiDDRxtj2Nw9Z4bj5UKb/view?usp=drive_link,,mapa,,,https://drive.google.com/file/d/1ewhPwJFLoBbCBiDDRxtj2Nw9Z4bj5UKb/view?usp=drive_link
marcador-806,"[PREFEITURA] - Imóveis, Ônibus, Caminhões, Vans, Caminhonetes, Veículos, Motos, Máquinas, Equipamentos, Sucatas - Joaquim Távora / PR",31-07-26,2026-09-02,02/09/2026,4:00,futuro_ou_hoje,PR,"Rua João Rodrigues de Almeida, 387 -  Residencial São Lucas - 86455-000 - Joaquim Távora - PR - Brasil",,,https://www.simonleiloes.com.br/leiloes/leilao-da-prefeitura-de-joaquim-tavora-pr-538,,mapa,,,https://www.simonleiloes.com.br/leiloes/leilao-da-prefeitura-de-joaquim-tavora-pr-538 | OBSERVAÇÃO: LOTES EM DIFERENTES LOCAIS DA CIDADE.
marcador-807,"[PREFEITURA] - Veículos, Máquinas, Equipamentos, Produtos, Sucatas, Presencial - Tio Hugo / RS",31-07-26,2026-09-03,03/09/2026,4:00,futuro_ou_hoje,RS,"Rua Paraíba, 94 - 99345-000 - Tio Hugo - RS - Brasil",,,https://www.cargneluttileiloes.com.br/leilao/4470/lotes,,mapa,,,https://www.cargneluttileiloes.com.br/leilao/4470/lotes | OBSERVAÇÃO: LOTES EM DIFERENTES LOCAIS DA CIDADE.
marcador-808,"[PREFEITURA] - Veículos, Máquinas, Equipamentos, Produtos, Sucatas, Presencial - Tio Hugo / RS",31-07-26,2026-09-03,03/09/2026,4:00,futuro_ou_hoje,RS,"Paraíba, 94 - 99345-000 - Tio Hugo - RS - Brasil",,,https://www.cargneluttileiloes.com.br/leilao/4470/lotes,,mapa,,,https://www.cargneluttileiloes.com.br/leilao/4470/lotes | OBSERVAÇÃO: LOTES EM DIFERENTES LOCAIS DA CIDADE.
marcador-809,"[EMPRESA] - Caminhões, Equipamentos, Imóveis - Rio Grande / RS",31-07-26,2026-09-03,03/09/2026,9:00,futuro_ou_hoje,RS,96200-001 - Rio Grande - RS - Brasil,,,https://www.lipinskileiloes.com.br/leilao/veiculo-vw-8-150e-delivery-reb-piramide-prb500-semi-reboque-casa-sao-lourenco-22-04-2026-14-59-24/lotes/lista,,mapa,,,https://www.lipinskileiloes.com.br/leilao/veiculo-vw-8-150e-delivery-reb-piramide-prb500-semi-reboque-casa-sao-lourenco-22-04-2026-14-59-24/lotes/lista | OBSERVAÇÃO: LOTES EM DIFERENTES LOCAIS DO BRASIL.
marcador-810,"[PÁTIO] - Caminhões, Equipamentos, Jetskis - Rio Grande / RS",31-07-26,2026-09-03,03/09/2026,9:00,futuro_ou_hoje,RS,35931-110 - Rio Grande - RS - Brasil,,,https://www.lipinskileiloes.com.br/leilao/veiculo-vw-8-150e-delivery-reb-piramide-prb500-semi-reboque-casa-sao-lourenco-22-04-2026-14-59-24/lotes/lista,,mapa,,,https://www.lipinskileiloes.com.br/leilao/veiculo-vw-8-150e-delivery-reb-piramide-prb500-semi-reboque-casa-sao-lourenco-22-04-2026-14-59-24/lotes/lista
marcador-811,"[PÁTIO] - Caminhões, Equipamentos, Jetskis - Rio Grande / RS",31-07-26,2026-09-03,03/09/2026,9:00,futuro_ou_hoje,RS,35931-110 - Rio Grande - RS - Brasil,,,https://www.lipinskileiloes.com.br/leilao/veiculo-vw-8-150e-delivery-reb-piramide-prb500-semi-reboque-22-04-2026-14-59-24/lotes/lista,,mapa,,,https://www.lipinskileiloes.com.br/leilao/veiculo-vw-8-150e-delivery-reb-piramide-prb500-semi-reboque-22-04-2026-14-59-24/lotes/lista
marcador-812,[PÁTIO]  - CAMINHÕES/EQUIMENTOS/JETSKIS - Rio Grande/RS,31-07-26,2026-09-03,03/09/2026,9:00,futuro_ou_hoje,RS,"Av. Pres. Vargas, 305 - São Paulo, Rio Grande - RS, 96202-336, Brasil",,,https://www.lipinskileiloes.com.br/leilao/veiculo-vw-8-150e-delivery-reb-piramide-prb500-semi-reboque-22-04-2026-14-59-24/lotes/lista,,mapa,,,https://www.lipinskileiloes.com.br/leilao/veiculo-vw-8-150e-delivery-reb-piramide-prb500-semi-reboque-22-04-2026-14-59-24/lotes/lista
marcador-813,"[PREFEITURA] - Veículos, Vans, Caminhões, Máquinas, Equipamentos, Sucatas - Formosa do Sul / SC",31-07-26,2026-09-09,09/09/2026,4:00,futuro_ou_hoje,SC,"Av. Getúlio Vargas, 580 - Centro - 89859-000 - Formosa do Sul - SC - Brasil",,,https://www.eckertleiloes.com.br/evento/municipio-de-formosa-do-sul-sc-790442?searchType=opened&preOrderBy=orderByFirstOpenedOffers&pageNumber=1&pageSize=30&orderBy=lotNumber:asc;subLotNumber:asc&,,mapa,,,https://www.eckertleiloes.com.br/evento/municipio-de-formosa-do-sul-sc-790442?searchType=opened&preOrderBy=orderByFirstOpenedOffers&pageNumber=1&pageSize=30&orderBy=lotNumber:asc;subLotNumber:asc&
marcador-814,"[PREFEITURA] - Imóveis, Presencial - Jandaia do Sul / PR",31-07-26,2026-09-15,15/09/2026,4:00,futuro_ou_hoje,PR,86900-000 - Jandaia do Sul - PR - Brasil,,,https://drive.google.com/file/d/1lswP8Q4LpkLSjd6F_t9f7aqOZZ6YkKB6/view?usp=drive_link,,mapa,,,https://drive.google.com/file/d/1lswP8Q4LpkLSjd6F_t9f7aqOZZ6YkKB6/view?usp=drive_link | OBSERVAÇÃO: LOTES EM DIFERENTES LOCAIS DA CIDADE.
marcador-815,[PREFEITURA] - Imóveis - Passo Fundo / RS,31-07-26,2026-09-17,17/09/2026,4:00,futuro_ou_hoje,RS,99010-005 - Passo Fundo - RS - Brasil,,,https://drive.google.com/file/d/1PYQsXs4rdIEDPAp0yxQAHWsKEfae9yqp/view?usp=drive_link,,mapa,,,https://drive.google.com/file/d/1PYQsXs4rdIEDPAp0yxQAHWsKEfae9yqp/view?usp=drive_link
marcador-816,[PREFEITURA] - IMÓVEIS	- Tatuí - SP,31-07-26,2026-10-22,22/10/2026,4:00,futuro_ou_hoje,SP,"Tatuí, SP, Brasil",,,https://www.argonetworkleiloes.com.br/evento/prefeitura-municipal-de-tatui-789565?searchType=opened&preOrderBy=orderByFirstOpenedOffers&pageNumber=1&pageSize=30&orderBy=lotNumber:asc;subLotNumber:asc&,,mapa,,,https://www.argonetworkleiloes.com.br/evento/prefeitura-municipal-de-tatui-789565?searchType=opened&preOrderBy=orderByFirstOpenedOffers&pageNumber=1&pageSize=30&orderBy=lotNumber:asc;subLotNumber:asc& •
marcador-1246,[PREFEITURA] - Ônibus - Camutanga / PE,ATUALIZAÇÃO 11/08/2026,2026-08-28,28/08/2026,04:00,futuro_ou_hoje,PE,Av. Presidente Getúlio Vargas,,,https://www.danielgarcialeiloes.com.br/leilao/7789/lotes,,mapa,,,https://www.danielgarcialeiloes.com.br/leilao/7789/lotes
marcador-1248,[EMPRESA] - AMARAL - Máquinas - São Paulo / SP,ATUALIZAÇÃO 11/08/2026,2026-08-28,28/08/2026,09:00,futuro_ou_hoje,SP,01000-000 - São Paulo - SP - Brasil,,,https://www.amaralleiloes.com.br/leilao/1544/lotes,,mapa,,,https://www.amaralleiloes.com.br/leilao/1544/lotes
marcador-1249,[EMPRESA] - AMARAL - Máquinas - São Paulo / SP,ATUALIZAÇÃO 11/08/2026,2026-08-28,28/08/2026,09:00,futuro_ou_hoje,SP,01000-000 - São Paulo - SP - Brasil,,,https://www.amaralleiloes.com.br/leilao/1544/lotes,,mapa,,,https://www.amaralleiloes.com.br/leilao/1544/lotes
marcador-1250,[EMPRESA] - Caminhões - São Paulo / SP,ATUALIZAÇÃO 11/08/2026,2026-08-29,29/08/2026,09:00,futuro_ou_hoje,SP,Rua Tabatinguera,,,https://www.allianceleiloes.com.br/lotes/514-01-cavalo-mecanico-mercedes-benz-axor-2041-ls,,mapa,,,https://www.allianceleiloes.com.br/lotes/514-01-cavalo-mecanico-mercedes-benz-axor-2041-ls
marcador-1251,[PREFEITURA] - Imóveis - Nova Prata do Iguaçu / PR,ATUALIZAÇÃO 11/08/2026,2026-08-31,31/08/2026,04:00,futuro_ou_hoje,PR,Rua Vereador Valmor Gomes,,,https://www.eckertleiloes.com.br/evento/municipio-de-nova-prata-do-iguacu-pr-790600?searchType=opened&preOrderBy=orderByFirstOpenedOffers&pageNumber=1&pageSize=30&orderBy=lotNumber:asc;subLotNumber:asc&,,mapa,,,https://www.eckertleiloes.com.br/evento/municipio-de-nova-prata-do-iguacu-pr-790600?searchType=opened&preOrderBy=orderByFirstOpenedOffers&pageNumber=1&pageSize=30&orderBy=lotNumber:asc;subLotNumber:asc& | OBSERVAÇÃO: LOTES EM DIFERENTES LOCAIS DA CIDADE.
marcador-1252,[ÓRGÃO PÚBLICO] - CORREIOS - PORTO ALEGRE/RS - Vans - Cajamar / SP,ATUALIZAÇÃO 11/08/2026,2026-08-31,31/08/2026,04:00,futuro_ou_hoje,RS,Avenida Doutor Antonio João Abdalla,,,https://drive.google.com/file/d/1of8YRZJf08jaf1XFtPhq0cUlJBLHEa4k/view?usp=drive_link,,mapa,,,https://drive.google.com/file/d/1of8YRZJf08jaf1XFtPhq0cUlJBLHEa4k/view?usp=drive_link
marcador-1253,[PREFEITURA] - Imóveis - Rio de Janeiro / RJ,ATUALIZAÇÃO 11/08/2026,2026-08-31,31/08/2026,04:00,futuro_ou_hoje,RJ,Estrada Coronel Pedro Corrêa,,,https://drive.google.com/file/d/1TLkuxtpxFtX4SD-bdUZpGQ46i8jnltrT/view?usp=drive_link,,mapa,,,https://drive.google.com/file/d/1TLkuxtpxFtX4SD-bdUZpGQ46i8jnltrT/view?usp=drive_link
marcador-1254,[ÓRGÃO PÚBLICO] - DETRAN - 2 - Sucatas - São Luís / MA,ATUALIZAÇÃO 11/08/2026,2026-08-31,31/08/2026,05:00,futuro_ou_hoje,MA,Avenida Engenheiro Emiliano Macieira,,,https://www.vipleiloes.com.br/evento/detalhes/100826tdmas,,mapa,,,https://www.vipleiloes.com.br/evento/detalhes/100826tdmas
marcador-1255,[ÓRGÃO PÚBLICO] - CORREIOS - PORTO ALEGRE/RS - Vans - Cajamar / SP,ATUALIZAÇÃO 11/08/2026,2026-08-31,31/08/2026,05:00,futuro_ou_hoje,RS,Avenida Doutor Antonio João Abdalla,,,https://drive.google.com/file/d/1of8YRZJf08jaf1XFtPhq0cUlJBLHEa4k/view?usp=drive_link,,mapa,,,https://drive.google.com/file/d/1of8YRZJf08jaf1XFtPhq0cUlJBLHEa4k/view?usp=drive_link
marcador-1256,[PREFEITURA] - CORREIOS - PORTO ALEGRE/RS - Vans - Cajamar / SP,ATUALIZAÇÃO 11/08/2026,2026-08-31,31/08/2026,05:00,futuro_ou_hoje,RS,Avenida Doutor Antonio João Abdalla,,,https://drive.google.com/file/d/1of8YRZJf08jaf1XFtPhq0cUlJBLHEa4k/view?usp=drive_link,,mapa,,,https://drive.google.com/file/d/1of8YRZJf08jaf1XFtPhq0cUlJBLHEa4k/view?usp=drive_link
marcador-1257,[EMPRESA] - UNIMED - Veículos - Maceió / AL,ATUALIZAÇÃO 11/08/2026,2026-08-31,31/08/2026,09:00,futuro_ou_hoje,AL,Avenida Fernandes Lima,,,https://www.leiloesfreire.com.br/leilao/1139,,mapa,,,https://www.leiloesfreire.com.br/leilao/1139
marcador-1258,[ÓRGÃO PÚBLICO] - DETRAN - 2 - Sucatas - São Luís / MA,ATUALIZAÇÃO 11/08/2026,2026-08-31,31/08/2026,05:00,futuro_ou_hoje,MA,Avenida Engenheiro Emiliano Macieira,,,https://www.vipleiloes.com.br/evento/detalhes/100826tdmas,,mapa,,,https://www.vipleiloes.com.br/evento/detalhes/100826tdmas
marcador-1260,[PREFEITURA] - Imóveis - Rio Verde / GO,ATUALIZAÇÃO 11/08/2026,2026-09-01,01/09/2026,04:00,futuro_ou_hoje,GO,Avenida Flamboyant,,,https://drive.google.com/file/d/1ewhPwJFLoBbCBiDDRxtj2Nw9Z4bj5UKb/view?usp=drive_link,,mapa,,,https://drive.google.com/file/d/1ewhPwJFLoBbCBiDDRxtj2Nw9Z4bj5UKb/view?usp=drive_link
marcador-1269,[PÁTIO] - CAMINHÕES/EQUIMENTOS/JETSKIS - Rio Grande/RS,ATUALIZAÇÃO 11/08/2026,2026-09-03,03/09/2026,09:00,futuro_ou_hoje,RS,Av. Pres. Vargas,,,https://www.lipinskileiloes.com.br/leilao/veiculo-vw-8-150e-delivery-reb-piramide-prb500-semi-reboque-22-04-2026-14-59-24/lotes/lista,,mapa,,,https://www.lipinskileiloes.com.br/leilao/veiculo-vw-8-150e-delivery-reb-piramide-prb500-semi-reboque-22-04-2026-14-59-24/lotes/lista
marcador-1270,[PREFEITURA] - Imóveis - Nova Prata do Iguaçu / PR,ATUALIZAÇÃO 11/08/2026,2026-09-04,04/09/2026,04:00,futuro_ou_hoje,PR,Rua Vereador Valmor Gomes,,,https://www.eckertleiloes.com.br/evento/municipio-de-nova-prata-do-iguacu-pr-790594?searchType=opened&preOrderBy=orderByFirstOpenedOffers&pageNumber=1&pageSize=30&orderBy=lotNumber:asc;subLotNumber:asc&,,mapa,,,https://www.eckertleiloes.com.br/evento/municipio-de-nova-prata-do-iguacu-pr-790594?searchType=opened&preOrderBy=orderByFirstOpenedOffers&pageNumber=1&pageSize=30&orderBy=lotNumber:asc;subLotNumber:asc& | OBSERVAÇÃO: LOTES EM DIFERENTES LOCAIS DA CIDADE.
marcador-1276,[PREFEITURA] - Imóveis - Passo Fundo / RS,ATUALIZAÇÃO 11/08/2026,2026-09-17,17/09/2026,04:00,futuro_ou_hoje,RS,99010-005 - Passo Fundo - RS - Brasil,,,https://drive.google.com/file/d/1PYQsXs4rdIEDPAp0yxQAHWsKEfae9yqp/view?usp=drive_link,,mapa,,,https://drive.google.com/file/d/1PYQsXs4rdIEDPAp0yxQAHWsKEfae9yqp/view?usp=drive_link
marcador-1277,[PREFEITURA] - IMÓVEIS - Tatuí - SP,ATUALIZAÇÃO 11/08/2026,2026-10-22,22/10/2026,04:00,futuro_ou_hoje,SP,Tatuí,,,https://www.argonetworkleiloes.com.br/evento/prefeitura-municipal-de-tatui-789565?searchType=opened&preOrderBy=orderByFirstOpenedOffers&pageNumber=1&pageSize=30&orderBy=lotNumber:asc;subLotNumber:asc&,,mapa,,,https://www.argonetworkleiloes.com.br/evento/prefeitura-municipal-de-tatui-789565?searchType=opened&preOrderBy=orderByFirstOpenedOffers&pageNumber=1&pageSize=30&orderBy=lotNumber:asc;subLotNumber:asc& •
